umbral,deslistadas,k,n_eventos,n_dias,media,ic_lo,ic_hi
3.0,con,18,24002,953,-0.00016420920644814543,-0.000632883653980786,0.00027061496319946303
3.0,con,19,24002,953,0.00010938512980469829,-0.0003252645499027106,0.0005469740326261708
3.0,con,20,24002,953,-0.0005285845573620462,-0.001063479834439447,0.000014726701054187796
3.0,con,21,24002,953,0.00033705044993258173,-0.00017305453923005269,0.0008782977466312704
3.0,con,22,24002,953,0.00024655180969472307,-0.00028306160681890093,0.0007788786030515046
3.0,con,23,24002,953,0.0003765654386727319,-0.00010481346446206276,0.0008673497386566458
3.0,con,24,24002,953,0.0006837595217325354,-7.095505107313615e-6,0.0013364132748378541
3.0,con,25,24002,953,0.00023290867802886188,-0.0003407324870306232,0.0008302664212934571
3.0,con,26,24002,953,0.00023853308508309885,-0.00021900969135264442,0.0006885322627302027
3.0,con,27,24002,953,0.00013994413128113296,-0.00031329923092178496,0.0005807420599848229
3.0,con,28,24002,953,-0.0003567534393298312,-0.0007031450129491033,-0.00002119314483522721
3.0,con,29,24002,953,-0.0000628129129524516,-0.0004984218563688678,0.0003733103819102032
3.0,con,30,24002,953,0.0003363261310442414,-0.00008043208926503332,0.0007656786541866157
3.0,sin,18,19121,205,-0.00038424997656442245,-0.000904243760744128,0.00011711332898326348
3.0,sin,19,19121,205,0.00012031660966950393,-0.0003776156191833633,0.0006614066591182753
3.0,sin,20,19121,205,-0.0007158703863464693,-0.001366084377929534,-0.00009520435905677713
3.0,sin,21,19121,205,0.0002888131045352711,-0.00034687106646211674,0.0009214480889723493
3.0,sin,22,19121,205,0.00012974240641128802,-0.00048314542916684565,0.0007933098373465686
3.0,sin,23,19121,205,0.00037998655689222766,-0.00020677209331377465,0.0009604584968550994
3.0,sin,24,19121,205,0.0006446989373679598,-0.00016958445898287045,0.00144115007850873
3.0,sin,25,19121,205,0.0002704504089087095,-0.00046661126814047957,0.0009751894192933087
3.0,sin,26,19121,205,0.00036039677469669484,-0.00011564246462118965,0.0009225685499956282
3.0,sin,27,19121,205,0.00019088968081163216,-0.0003343616689920467,0.0007141377888545671
3.0,sin,28,19121,205,-0.0003001048048531026,-0.0007122091082830142,0.00009406665945597658
3.0,sin,29,19121,205,-0.0001386377757532036,-0.0006338666617763842,0.0003478276810844801
3.0,sin,30,19121,205,0.00034689215700474255,-0.0001540603081378515,0.0008686756194498074
3.5,con,18,14580,869,-0.00023006743514802135,-0.000774723186775385,0.00029510897656531443
3.5,con,19,14580,869,0.00007282427437199589,-0.0004869037092784568,0.000659609253602349
3.5,con,20,14580,869,-0.0006175337527270161,-0.0012853583602506356,0.00004785911717999063
3.5,con,21,14580,869,0.0002633081276650204,-0.00035688155134061306,0.0008871974529551474
3.5,con,22,14580,869,0.0002696641863764463,-0.0003841851306965465,0.0009354119646909283
3.5,con,23,14580,869,0.0003206062582027781,-0.00021118641492679015,0.0009047920493838289
3.5,con,24,14580,869,0.0006972389113632449,0.000011905402906899735,0.0014430984233384742
3.5,con,25,14580,869,0.00038186895806489554,-0.00027750060800849866,0.0010403767693477465
3.5,con,26,14580,869,0.00020741855137522297,-0.0003373655607159596,0.0007517435107066616
3.5,con,27,14580,869,0.0001871030511183924,-0.0003557282820188866,0.0007044272989006402
3.5,con,28,14580,869,-0.00028637862365003624,-0.0006878495780589912,0.0001214676893901388
3.5,con,29,14580,869,-0.00010465365561431367,-0.0006545453845334974,0.00044299446590839834
3.5,con,30,14580,869,0.00036839888070692295,-0.0002028556794771046,0.000914092414608579
3.5,sin,18,11588,205,-0.0004451427095170743,-0.001075815448770026,0.00015303252345071254
3.5,sin,19,11588,205,0.00016190115267408582,-0.0004698011887273218,0.0008063982409056379
3.5,sin,20,11588,205,-0.0008078872443304505,-0.00151202006410638,-0.00007262700337713323
3.5,sin,21,11588,205,0.0001837746285526643,-0.0005251648000110685,0.0009037634599050082
3.5,sin,22,11588,205,0.00015046929648255945,-0.0006401379706858426,0.0008894070779175728
3.5,sin,23,11588,205,0.00032718241347542173,-0.0002865852019391545,0.0010030875572696934
3.5,sin,24,11588,205,0.0006472490044144238,-0.00020105943729574054,0.0015821380958426301
3.5,sin,25,11588,205,0.0005173853261152656,-0.0002480412034791375,0.0013809394692500152
3.5,sin,26,11588,205,0.00039061629689451574,-0.00018795985553100758,0.001011788338796229
3.5,sin,27,11588,205,0.00025783298854738137,-0.00034911909858785544,0.0008818508505631168
3.5,sin,28,11588,205,-0.00024428407908685886,-0.0006621929978574216,0.00017359924567848358
3.5,sin,29,11588,205,-0.00021043467862114307,-0.0008439808941263692,0.0004087646597390666
3.5,sin,30,11588,205,0.00034045100556402203,-0.00031259106418903405,0.0009723180162844458
4.0,con,18,9317,757,-0.0003297208449686184,-0.0009420349676370263,0.0002796898554731833
4.0,con,19,9317,757,-0.000021217413351354305,-0.0006940884204279575,0.0006745262704741495
4.0,con,20,9317,757,-0.000804370846517164,-0.00156395436275335,-0.00002588417346807205
4.0,con,21,9317,757,0.00030422449009732163,-0.00029598366471881096,0.0009706490876617539
4.0,con,22,9317,757,0.00031663963671102284,-0.00047339682659158343,0.00113106696653308
4.0,con,23,9317,757,0.00033028509203526134,-0.000292511815216319,0.0009932103320307183
4.0,con,24,9317,757,0.0008017790713069611,-8.959284651459244e-6,0.0016910032000699924
4.0,con,25,9317,757,0.00046473320117178984,-0.0003024626688065238,0.001272175114111914
4.0,con,26,9317,757,0.00015772858200266757,-0.00047841692457194766,0.0007767082469245404
4.0,con,27,9317,757,0.00030936060978220884,-0.0002758886062750976,0.000888230533890349
4.0,con,28,9317,757,-0.0002924193427540676,-0.000770446965414518,0.00015873994300348349
4.0,con,29,9317,757,-0.000035445187907759065,-0.0007145375468891806,0.0006626491900041852
4.0,con,30,9317,757,0.0003810221682139033,-0.0002656897782395143,0.001052120937018039
4.0,sin,18,7368,205,-0.0005559719928815188,-0.0012666641480263189,0.00015383221600987157
4.0,sin,19,7368,205,0.00007913866901705569,-0.0007079649726773888,0.0009137262439034593
4.0,sin,20,7368,205,-0.0010616241511838302,-0.0019313984350824973,-0.0001807131147470684
4.0,sin,21,7368,205,0.0002491041693223574,-0.00048224825733291513,0.0010128441225207227
4.0,sin,22,7368,205,0.00020848426910532745,-0.0007425315179227915,0.0011560798345269672
4.0,sin,23,7368,205,0.0002969986742910307,-0.00044647667341468915,0.0010537786394955422
4.0,sin,24,7368,205,0.0007304715228747802,-0.0002526057505452991,0.0018793160056875908
4.0,sin,25,7368,205,0.000719301115864775,-0.000195481867073962,0.0016707189639793753
4.0,sin,26,7368,205,0.0004540613199292153,-0.000265699729746099,0.0012106413073056177
4.0,sin,27,7368,205,0.0003952571025661385,-0.0003304612541956999,0.0010804851496161306
4.0,sin,28,7368,205,-0.00010248681113383517,-0.0006107466344545965,0.0003748771573732147
4.0,sin,29,7368,205,-0.00016625781357526893,-0.000967207637577954,0.0006209186507450913
4.0,sin,30,7368,205,0.0003641397108056889,-0.00046681744834511436,0.0011824976868333604
4.5,con,18,6174,652,-0.00033995349251352724,-0.00104487650828094,0.0003673716286609258
4.5,con,19,6174,652,3.6019787241502983e-6,-0.0007721591671308257,0.0007854439242835372
4.5,con,20,6174,652,-0.0009976094101781581,-0.0018402065126419188,-0.00013956767021069808
4.5,con,21,6174,652,0.00030604037229541524,-0.00036639455071548995,0.0010333583618964395
4.5,con,22,6174,652,0.00021220803972415653,-0.0007345923587292766,0.0011839477141408255
4.5,con,23,6174,652,0.0003602330761737109,-0.00036371036261444964,0.0011447770252491388
4.5,con,24,6174,652,0.0010865106384431566,0.00015251950419010508,0.0023593220860086365
4.5,con,25,6174,652,0.0004741528273634348,-0.00035811487152002084,0.00134857429246862
4.5,con,26,6174,652,0.00022451888047972293,-0.0005327451941995642,0.0010743063739682382
4.5,con,27,6174,652,0.000400039876283051,-0.0002721026996496903,0.0011071232075465483
4.5,con,28,6174,652,-0.00013227079869011153,-0.0007159679622587209,0.0004010256060652183
4.5,con,29,6174,652,0.00011001320290059424,-0.0006685721333206535,0.0009588292372415099
4.5,con,30,6174,652,0.00038433144771066505,-0.0004594201009548933,0.0012095237519196287
4.5,sin,18,4877,205,-0.0006633221156543335,-0.001500419146776819,0.00021077479697283446
4.5,sin,19,4877,205,0.00008639724163962594,-0.0007899345912069901,0.001062900220186775
4.5,sin,20,4877,205,-0.0013712157215735041,-0.0024204255370927066,-0.0003529479316190949
4.5,sin,21,4877,205,0.00020002864254800194,-0.0006003050657006835,0.0010183303237531055
4.5,sin,22,4877,205,0.00016406459353407313,-0.0010286152085150178,0.0012990468412018264
4.5,sin,23,4877,205,0.00036329583896321023,-0.0005087240622173435,0.0012746104006082957
4.5,sin,24,4877,205,0.0010384889793238754,-0.00006932015246997486,0.002540093864201101
4.5,sin,25,4877,205,0.0009118380920295217,-0.00009417218740130047,0.0018924067287926264
4.5,sin,26,4877,205,0.0005847449294221946,-0.0003036555359643646,0.0015749147352200736
4.5,sin,27,4877,205,0.0004635125254615842,-0.0002752940009719299,0.0012373171854956838
4.5,sin,28,4877,205,-0.000012592514150057152,-0.0005474499986338762,0.0005135811410224053
4.5,sin,29,4877,205,-0.00004934496099007277,-0.0009951021319995457,0.0008583221399991012
4.5,sin,30,4877,205,0.0004429961480231803,-0.0005697126153527534,0.0013890426948799982
5.0,con,18,4221,566,-0.00040107794191597567,-0.00124563250057598,0.0004191061069966715
5.0,con,19,4221,566,-0.00009532339209234299,-0.001012868825097713,0.0008599857841163389
5.0,con,20,4221,566,-0.0011188405150678368,-0.002168645837903672,-0.00009921886096409524
5.0,con,21,4221,566,0.00008561343617400651,-0.0006891862738714644,0.0008713146801496472
5.0,con,22,4221,566,0.00017306317664818202,-0.0009934603787442047,0.0013496524071880537
5.0,con,23,4221,566,0.0004369277830961053,-0.00047324179760101584,0.0013523851745638209
5.0,con,24,4221,566,0.001109201961056277,-0.000014788651712155633,0.0025632479406161143
5.0,con,25,4221,566,0.00038788499562293947,-0.0005624575409168081,0.0013792861410579999
5.0,con,26,4221,566,0.0001372913845942823,-0.0008675792182833388,0.0011888416910898227
5.0,con,27,4221,566,0.00043714159463726775,-0.000315049270857815,0.001160204915098521
5.0,con,28,4221,566,-0.00010989208576711949,-0.0007690759058048307,0.0005017266115386915
5.0,con,29,4221,566,0.0003061136878298085,-0.0006934312297527378,0.0012194917047467218
5.0,con,30,4221,566,0.00030518644611455083,-0.0006931704289267193,0.0012545792411087003
5.0,sin,18,3284,202,-0.0008180589452509683,-0.0017639023794294062,0.00016072757350032955
5.0,sin,19,3284,202,-0.00007867093371141712,-0.0011519639098233967,0.001031239286397908
5.0,sin,20,3284,202,-0.0015898877994982336,-0.0027042734216744108,-0.00045241596992021555
5.0,sin,21,3284,202,-0.00003753927352145008,-0.001018797257281656,0.0009321870139027073
5.0,sin,22,3284,202,0.0001329122352614706,-0.0013374812592997186,0.0015514741750136676
5.0,sin,23,3284,202,0.00047159906603399377,-0.0005471135001998604,0.0015540550788861042
5.0,sin,24,3284,202,0.0011504151423879254,-0.0002399566638046379,0.002961987225931515
5.0,sin,25,3284,202,0.0008756743791943385,-0.0002985634050066445,0.00209896392842427
5.0,sin,26,3284,202,0.0005655806509003769,-0.0006217249526577479,0.0017444804208460764
5.0,sin,27,3284,202,0.000513269389402202,-0.0003508977799303151,0.0013266335866715597
5.0,sin,28,3284,202,0.00011821912412527627,-0.0005109295009185404,0.0006923525185494196
5.0,sin,29,3284,202,0.00014181789205953591,-0.0009497034442370534,0.001380096250766602
5.0,sin,30,3284,202,0.0002948636485202352,-0.0010300528218993264,0.0014657977632993697
6.0,con,18,2198,443,-0.00015083123901714265,-0.00115323542565207,0.0008140237227298583
6.0,con,19,2198,443,0.00018701765864106908,-0.0008038168138562991,0.0012760237096773495
6.0,con,20,2198,443,-0.0012444497136627716,-0.002286502597289957,-0.00011512900845597899
6.0,con,21,2198,443,0.00008700339408529075,-0.0009172483108473932,0.0011046658148659572
6.0,con,22,2198,443,0.00012126458392094022,-0.0012705360485452662,0.0015454163699409158
6.0,con,23,2198,443,0.00028838243129749306,-0.0008938104574653949,0.00149408638257568
6.0,con,24,2198,443,0.001352437639769045,-0.00009240078452230904,0.0031524627112158297
6.0,con,25,2198,443,0.0005264868012411294,-0.000688684558426019,0.001805335966760972
6.0,con,26,2198,443,-0.000046547063336153664,-0.0013333223912454066,0.0012958317709889265
6.0,con,27,2198,443,0.0006296421668362596,-0.000239953428485879,0.0014475846835366477
6.0,con,28,2198,443,-0.00020041174074150736,-0.0010483799720422992,0.0005965724389891793
6.0,con,29,2198,443,0.0005981847186041741,-0.0005943600855051976,0.001857550161054221
6.0,con,30,2198,443,-0.00010114102472313134,-0.0014350976448097125,0.001063388130875363
6.0,sin,18,1668,198,-0.0006197794875659407,-0.0017650110951679752,0.0005617017282966185
6.0,sin,19,1668,198,0.00011478149387866111,-0.0012050529092027923,0.0014817547537681836
6.0,sin,20,1668,198,-0.001755173648594043,-0.00293061355044915,-0.00043953019155894843
6.0,sin,21,1668,198,-0.00035235574058655123,-0.0014884155244251594,0.0008621674555481422
6.0,sin,22,1668,198,0.00016245807095710318,-0.001444098761408686,0.0018681856101763472
6.0,sin,23,1668,198,0.00041500892320854566,-0.000874273055114397,0.0017003602709033312
6.0,sin,24,1668,198,0.001608304086167472,-0.00010337781151019229,0.003903650259899195
6.0,sin,25,1668,198,0.0011297664210925557,-0.0003299052881135753,0.002664349010882035
6.0,sin,26,1668,198,0.0005656514334818924,-0.0009206024920646506,0.0021038685029958876
6.0,sin,27,1668,198,0.0008781897950455132,-0.00002064583729456566,0.0017978417310428297
6.0,sin,28,1668,198,0.00026194097737609255,-0.0005009225448031787,0.0010183061248053777
6.0,sin,29,1668,198,0.0007034007030612802,-0.0008416277156640001,0.0022029489376848483
6.0,sin,30,1668,198,-0.00023018750059508478,-0.0019157140622514982,0.0012302051428217378
