umbral,k,n_eventos,n_dias,media,ic_lo,ic_hi
3.0,18,24002,1005,-0.00007393289371981823,-0.0002159146504301639,0.00006639408445769827
3.0,19,24002,1005,-0.00005264513057963647,-0.000201628079927117,0.00008575073044490452
3.0,20,24002,1005,-0.00006638028307467981,-0.00019979491542987992,0.00006427109534743112
3.0,21,24002,1005,-0.00012831603301581684,-0.00027944870810281576,0.000020304697010619456
3.0,22,24002,1005,0.00009077388800723573,-0.00003712179270910572,0.00022492123340444876
3.0,23,24002,1005,0.0000936877560634235,-0.00005178813358078984,0.0002499678453108925
3.0,24,24002,1005,-0.00004717857352351826,-0.00018489237662715986,0.00009346499743351288
3.0,25,24002,1005,-0.00007846130347186822,-0.0002242283614895912,0.00006785019004444799
3.0,26,24002,1005,0.000028994487126967836,-0.00012655790003268728,0.00018916942719520352
3.0,27,24002,1005,-0.0001633352317908447,-0.0003228462321283305,-6.9277373744242255e-6
3.0,28,24002,1005,-8.331049918785313e-6,-0.0001503797554280555,0.00013903894666610403
3.0,29,24002,1005,0.00004602900408754799,-0.00010135765081042915,0.0001985589026875545
3.0,30,24002,1005,-4.276113550958977e-6,-0.00015382762765579386,0.0001440115197174608
3.5,18,14580,930,0.000017768630795343863,-0.0001414822368901634,0.00018834508002024697
3.5,19,14580,930,0.00007599007429146047,-0.00011438058309386671,0.00026702946791885254
3.5,20,14580,930,0.0000211641061931315,-0.000149534629032052,0.00019150649464071527
3.5,21,14580,930,0.000031423944573798824,-0.00013693940652394673,0.0002079791878734295
3.5,22,14580,930,0.00009883474194179378,-0.00011435235059707387,0.0003081792125335706
3.5,23,14580,930,-0.00014289599260885598,-0.00034088873408250303,0.00005614826936526123
3.5,24,14580,930,0.000018221532222766906,-0.0001750255939239952,0.00020379167352832818
3.5,25,14580,930,0.000060936817937215985,-0.00011736174944226818,0.0002510421951033747
3.5,26,14580,930,-0.0001515383834906498,-0.0003448335028181394,0.000028485582740812232
3.5,27,14580,930,0.000022297003427384323,-0.0001495138167765599,0.00020324169332404341
3.5,28,14580,930,-9.486426618523955e-6,-0.00018228482800199168,0.00016240041481290938
3.5,29,14580,930,-0.00019817327390064444,-0.0004366488821213593,0.000019988322213175292
3.5,30,14580,930,-0.00006373010388522914,-0.0002716146549153325,0.0001501573270912424
4.0,18,9317,860,0.00006945709363399461,-0.000162396309419221,0.0003012742281743194
4.0,19,9317,860,-0.0002147242749710223,-0.00044186708230652827,1.2868801659169882e-6
4.0,20,9317,860,0.0001296131775546648,-0.00010434950129748024,0.000368842112775351
4.0,21,9317,860,-0.00013332160190087175,-0.0003681758121356339,0.00010122871211652266
4.0,22,9317,860,-0.00012576172467482409,-0.00035158735410248095,0.00009800732781764446
4.0,23,9317,860,-0.00007988001796171046,-0.0002967047054163374,0.0001287118071049069
4.0,24,9317,860,0.000054788353311830596,-0.00019179232783757838,0.00028346108513673093
4.0,25,9317,860,0.00009029238146359047,-0.00013177017403292373,0.00031724744178534333
4.0,26,9317,860,-0.00001376316731574854,-0.00024852853242584595,0.000217317866446191
4.0,27,9317,860,0.000017467462645988083,-0.0002074661594455557,0.0002442392159335222
4.0,28,9317,860,0.000025147212166226318,-0.0001923153074865298,0.0002340886130052492
4.0,29,9317,860,0.000054028607152554665,-0.00016791190673588624,0.00028592915511769265
4.0,30,9317,860,3.3251967902313645e-6,-0.0002709404557318513,0.0002735097611838946
4.5,18,6174,757,-0.00014214464028316267,-0.0004307833759745591,0.000170010609722839
4.5,19,6174,757,-0.0000328810997929694,-0.0003133695865833088,0.0002570121312597991
4.5,20,6174,757,0.00010333717210147046,-0.00018411090548752998,0.000386899402046592
4.5,21,6174,757,-0.00004505055114675419,-0.00036779483678466327,0.00027479931167318004
4.5,22,6174,757,0.00012730535010617355,-0.0001582975704433514,0.0004221967568665142
4.5,23,6174,757,-0.0002579336363302175,-0.0005398217240994011,0.000030306084082441412
4.5,24,6174,757,0.00005700944692819451,-0.00022716372132486855,0.0003635934249314203
4.5,25,6174,757,-0.0001501157572282378,-0.0004497832050480432,0.0001435402809853465
4.5,26,6174,757,0.00033697036071748417,0.0000616894135454364,0.0005969802077269871
4.5,27,6174,757,-0.00009342459449142892,-0.00035371429004577406,0.0001541913533403142
4.5,28,6174,757,-0.0002888412691515253,-0.0006015339403231615,0.000027861545660353324
4.5,29,6174,757,-0.00007507407000410433,-0.0003646382716743886,0.00021854864132185545
4.5,30,6174,757,0.000050757734208628514,-0.0002542778731162466,0.00036615388725845445
5.0,18,4221,689,-0.00029471404219110864,-0.0006434353810053074,0.000053483267954148795
5.0,19,4221,689,-0.0003972099597269894,-0.0007419082169388441,-0.00006358718423896316
5.0,20,4221,689,0.0003834605647321323,-0.000021811131457840952,0.0008238267703947892
5.0,21,4221,689,-0.000026175141219992483,-0.0003679353873771757,0.00033587739192428203
5.0,22,4221,689,0.00009240939263744513,-0.000227889643835174,0.00043443044485861373
5.0,23,4221,689,-0.00019561664603774662,-0.0005569836725511838,0.00017194684342476468
5.0,24,4221,689,-0.00021158558038278838,-0.0005263669648965784,0.00009735376585914645
5.0,25,4221,689,0.000040509489060064576,-0.0003072258841955938,0.00036163273665967827
5.0,26,4221,689,0.00023279768983517943,-0.00017368642644942944,0.000647600808472136
5.0,27,4221,689,0.00017911114457224434,-0.00019072024513255327,0.0005513266052583035
5.0,28,4221,689,0.00009141951141080132,-0.0002853683331597782,0.0004667726773621564
5.0,29,4221,689,-0.00005969951822639785,-0.0004106009944060635,0.0002629464286201926
5.0,30,4221,689,-0.00008572872853235661,-0.00047915778750705617,0.0003238500058781683
6.0,18,2198,524,0.00012330080305449737,-0.000367045667453415,0.000626146768082203
6.0,19,2198,524,0.0004548296583912748,0.000020672063589624775,0.00094189613311917
6.0,20,2198,524,0.00023728014322496808,-0.00023571727416793193,0.0007113215655580275
6.0,21,2198,524,-0.0002969147774002102,-0.0007610046938828162,0.00011311489678101605
6.0,22,2198,524,-0.00005864033577516175,-0.0005309559180151761,0.00040544111841812013
6.0,23,2198,524,0.0003572244466478308,-0.00009659118620862556,0.0008359487208245244
6.0,24,2198,524,0.0005212760060846011,2.6241108557942324e-6,0.0010473095913126492
6.0,25,2198,524,-0.00013402297019252853,-0.0006476903006861221,0.0003539946586442791
6.0,26,2198,524,-0.00018584625444358695,-0.0006951703045542993,0.00032432339187467085
6.0,27,2198,524,-0.00039109806281382206,-0.0008246354578424239,0.000029368199495908458
6.0,28,2198,524,-0.00017859222872737912,-0.0006192437356118247,0.0002663647676522338
6.0,29,2198,524,-0.00017415562571799763,-0.0006019995779603306,0.00028370001178189963
6.0,30,2198,524,0.00006201005894279975,-0.0005761634488040176,0.0007220944153420116
