umbral,cuartil,n_eventos,n_dias,vol_usd_prev24_mediana,costo_rt,fade24_bruto,bruto_ic_lo,bruto_ic_hi,fade24_neto,neto_ic_lo,neto_ic_hi,D,D_ic_lo,D_ic_hi
3.0,Q1,6001,632,202261.33184708332,0.0013,0.001128380245161309,0.0003136664824731133,0.0019182929569236124,-0.00017161975483869093,-0.000986333517526887,0.0006182929569236163,0.0007827716075806975,-0.000013758983823454948,0.0015915436003953582
3.0,Q2,6000,639,25629.794674145836,0.0019,0.0007403581126356659,0.0000895275515230609,0.001398625402794236,-0.0011596418873643342,-0.001810472448476937,-0.0005013745972057652,0.0003796252211399166,-0.0003117120148473362,0.0010610608049849337
3.0,Q3,6000,584,7927.896796645833,0.0029,0.000614934597188023,-0.000154592370029382,0.0013274324740608233,-0.0022850654028119767,-0.00305459237002938,-0.0015725675259391733,0.0003511476239058764,-0.0004807538608599335,0.0011356964623042555
3.0,Q4,6001,665,3285.633956958334,0.0049,0.0002513630945624338,-0.0005225062584496769,0.0010043488526701983,-0.0046486369054375655,-0.005422506258449675,-0.0038956511473298033,0.00012691971419356052,-0.0006983107143302218,0.0009401164904229324
3.0,todos,24002,953,13375.213166458334,0.002750029164236314,0.0006837595217325354,,,-0.002066269642503778,-0.002745436166362275,-0.001417804927737108,,,
3.5,Q1,3619,511,197536.61048599996,0.0013,0.0009087864949347061,-0.00006699313094295552,0.0019269193955228636,-0.00039121350506529385,-0.0013669931309429541,0.0006269193955228638,0.0003584822614217248,-0.0006806457890335369,0.0014174453491549858
3.5,Q2,3628,537,25633.040503041666,0.0019,0.0009689360677658117,0.00024293375711599105,0.0017605439616791081,-0.0009310639322341883,-0.0016570662428840059,-0.0001394560383208931,0.0006760534623821129,-0.00011092452837130057,0.0015245191630210806
3.5,Q3,3641,497,7865.199944499999,0.0029,0.0006781992019960335,-0.0002611543888642921,0.001613531051738562,-0.0022218007980039666,-0.0031611543888642917,-0.001286468948261439,0.0003976505308210616,-0.00065407897418829,0.0013885751049559421
3.5,Q4,3692,560,3258.839267958333,0.0049,0.00024166350330051106,-0.00046852201580905434,0.0009743853332274866,-0.004658336496699488,-0.005368522015809056,-0.003925614666772511,0.00018102376407058327,-0.0006288347077530153,0.0009757715410940991
3.5,todos,14580,869,13198.232283645824,0.002760466392318244,0.0006972389113632449,,,-0.0020632274809549993,-0.002759727342484615,-0.001239577631236269,,,
4.0,Q1,2270,422,193931.66823139583,0.0013,0.0006331301684883996,-0.0005731580957852898,0.0019077682263196095,-0.0006668698315116003,-0.001873158095785291,0.0006077682263196092,0.00015579322379079069,-0.0010671929454546898,0.0014889630423167892
4.0,Q2,2309,451,24881.883910541645,0.0019,0.0014975435938993714,0.0005373712339819044,0.0025937823691219095,-0.0004024564061006284,-0.0013626287660180956,0.0006937823691219105,0.001231794654503359,0.00018610069382386967,0.0024364425718737585
4.0,Q3,2321,425,7782.5661037499995,0.0029,0.0007994408673777449,-0.0002631988243759887,0.0019598667361603846,-0.0021005591326222544,-0.0031631988243759884,-0.0009401332638396174,0.0004495894796018475,-0.0006174664148482883,0.0016514120514711638
4.0,Q4,2417,466,3251.919898875,0.0049,0.0002977408826648301,-0.0004642422904914386,0.0010597078198073416,-0.00460225911733517,-0.005364242290491437,-0.0038402921801926585,0.00011257567938201481,-0.0007358830387944914,0.0009094717933451631
4.0,todos,9317,757,12851.075747541667,0.0027811849307717075,0.0008017790713069612,,,-0.0019794058594647464,-0.0027501665302074206,-0.0010273482451098933,,,
4.5,Q1,1494,357,197156.5342364583,0.0013,0.0008036411646084526,-0.0006283750786447099,0.0024216335891738736,-0.0004963588353915473,-0.0019283750786447083,0.0011216335891738728,0.00020244929363967472,-0.0013001993293600207,0.001861841624008332
4.5,Q2,1514,377,24994.142904645832,0.0019,0.0018468374931602757,0.0006767346729902757,0.0032964087572330157,-0.000053162506839724694,-0.0012232653270097243,0.0013964087572330137,0.0015924580970449339,0.00032888704633276584,0.0030718140969240395
4.5,Q3,1541,352,7714.797262125,0.0029,0.0013740578999793327,0.00017811933340599302,0.0028247248413403544,-0.001525942100020667,-0.002721880666594004,-0.00007527515865964342,0.0011651714965909025,-0.00008396360970117854,0.002686508079720669
4.5,Q4,1625,379,3241.9020687083344,0.0049,0.0003655025189601308,-0.000492215371310311,0.0012414125840822575,-0.00453449748103987,-0.0053922153713103155,-0.0036585874159177465,0.00014595935903599516,-0.0007625454970049023,0.001119082026202019
4.5,todos,6174,652,12666.256997875,0.002794007126660188,0.0010865106384431568,,,-0.0017074964882170312,-0.0026332064782297166,-0.000511457018380494,,,
5.0,Q1,961,272,194875.46021945833,0.0013,0.0002676615595228256,-0.0015561853998657769,0.0023131429799252844,-0.0010323384404771743,-0.0028561853998657766,0.0010131429799252849,-0.00022315985164500507,-0.002118745141024404,0.0018901009578956981
5.0,Q2,1034,326,24927.218750333323,0.0019,0.0021283956500157968,0.0007033396318928931,0.003795660645021884,0.00022839565001579718,-0.0011966603681071077,0.0018956606450218816,0.0019870686043891284,0.00043558029008902444,0.0038051168278658005
5.0,Q3,1068,316,7793.873554124999,0.0029,0.0018275055514959167,0.0002890047644743307,0.003706570286168045,-0.001072494448504083,-0.0026109952355256685,0.0008065702861680492,0.001528544755325547,-0.00009938850414909381,0.003465707655490107
5.0,Q4,1158,319,3212.7847687916665,0.0049,0.00023504463540858041,-0.0008183959836979739,0.0013034392166894585,-0.00466495536459142,-0.005718395983697976,-0.003596560783310541,9.842853133824643e-6,-0.0011768738515075797,0.0012203519395474502
5.0,todos,4221,566,11870.499741624999,0.002839445628997868,0.0011092019610562769,,,-0.0017302436679415907,-0.002869920962031931,-0.0002751515869081103,,,
6.0,Q1,485,195,180214.66368325,0.0013,-0.00008431589050306691,-0.002576695280638355,0.002364169639819599,-0.0013843158905030664,-0.003876695280638355,0.0010641696398196,-0.0004030328788054284,-0.003229839267987358,0.0022987140536210654
6.0,Q2,533,239,26015.848092083335,0.0019,0.0023456707302674054,0.0002532581827206997,0.004422825183877101,0.0004456707302674056,-0.0016467418172793002,0.002522825183877098,0.002313382190972543,0.00006043535187276583,0.004603047887806366
6.0,Q3,539,235,7951.494773708332,0.0029,0.002517388065235668,0.0004473206820158697,0.005178755968370881,-0.0003826119347643314,-0.0024526793179841305,0.002278755968370885,0.0022172290426368097,-0.000039704900538236014,0.004984929654138557
6.0,Q4,641,232,3219.4755330000003,0.0049,0.000634066260080805,-0.0006558653971497391,0.002084992482923205,-0.004265933739919195,-0.005555865397149745,-0.0028150075170767976,0.0003918592758534708,-0.0010519881332720928,0.0019947870032212102
6.0,todos,2198,443,11534.763709937492,0.0028877161055505004,0.001352437639769045,,,-0.0015352784657814552,-0.002973718949396973,0.0003115106323945277,,,
