umbral,direccion,n_eventos,n_dias,D,ic_lo,ic_hi,fade24_media,fade24_ic_lo,fade24_ic_hi,k_max,max_media
3.0,verde (fade corto),12804,834,0.0007288746452089251,0.00015370233010023797,0.001317451887171106,0.0010191429525596703,0.00040438658356911535,0.0016480890635666176,24,0.0010191429525596703
3.0,roja (fade largo),11198,765,0.00004564955661609215,-0.0012832674071889393,0.001195861189368298,0.0003002759132032768,-0.0009788590084182102,0.0014835156543188096,26,0.0005700365873054998
3.5,verde (fade corto),7820,724,0.0006463486125493275,0.00005835583547538856,0.001235307178094774,0.0009642007268386396,0.000359845792154457,0.001578623917504105,24,0.0009642007268386396
3.5,roja (fade largo),6760,630,0.00012009000519820497,-0.0013325217730110004,0.0016145263938404342,0.00038841621949673805,-0.0009824663457887863,0.0019062975290512175,26,0.0006653354556489432
4.0,verde (fade corto),4978,612,0.0005438750233559011,-0.00009379520193663388,0.0012129844715998565,0.0009341782454504931,0.0002593864164718506,0.0015993905555738855,24,0.0009341782454504931
4.0,roja (fade largo),4339,523,0.00041623581659596526,-0.0011315903997077034,0.0022941377474723725,0.000649881609014612,-0.0008363511210155953,0.0024490532905994122,26,0.0007597265222497219
4.5,verde (fade corto),3322,513,0.0006093498536163881,-0.0001552222111862164,0.001388368077873465,0.001137943468535568,0.00039495454716186544,0.001877793610991473,22,0.001141580750896801
4.5,roja (fade largo),2852,426,0.0009543807239095848,-0.0008806772569551655,0.003413594035642394,0.001026601851077452,-0.0007633101042890112,0.0035497004770937584,24,0.001026601851077452
5.0,verde (fade corto),2285,446,0.00046522347486106146,-0.0004107867784925211,0.0013868628924174034,0.0010003063274644896,0.00016746654270230542,0.001835728326935857,22,0.0011975312826331221
5.0,roja (fade largo),1936,357,0.0012505271188360727,-0.0009367431685185679,0.004073875344304185,0.0012377280575217903,-0.0008870036253890166,0.004129889155632455,24,0.0012377280575217903
6.0,verde (fade corto),1236,351,0.0008439189519326388,-0.00041174976994701,0.0021689074532005234,0.0014498426190070687,0.0003307276456515543,0.002552270108861577,22,0.0014821103470766535
6.0,roja (fade largo),962,257,0.0014976571588173658,-0.0015246646575979015,0.005415732327029978,0.0012272894543863037,-0.001664126492750626,0.005145157131682712,24,0.0012272894543863037
