umbral,deslistadas,n_eventos,n_dias,D,ic_lo,ic_hi
3.0,con,24002,953,0.00041011976886268144,-0.0003489442577626167,0.0010972166879708721
3.0,sin,19121,205,0.0003595549006407298,-0.0005334182504378573,0.001178086977335642
3.5,con,14580,869,0.0004023494228584092,-0.00034978505630755153,0.0011876827113577102
3.5,sin,11588,205,0.00030083567117248315,-0.0006068778766673374,0.0012408418824295707
4.0,con,9317,757,0.00048443244332677565,-0.00035950360399244276,0.0014106327433747645
4.0,sin,7368,205,0.0003107601780771932,-0.0007237267590238682,0.0014455348066051289
4.5,con,6174,652,0.0007687324325079003,-0.0002252469777510614,0.0020775639988571846
4.5,sin,4877,205,0.0005325031158366255,-0.0006219871577916045,0.0020935404774794753
5.0,con,4221,566,0.0008254101260658995,-0.00038756362851592036,0.0023361752340800737
5.0,sin,3284,202,0.0006389735595403804,-0.0007782215941682214,0.0025467342631521244
6.0,con,2198,443,0.0011300409514881926,-0.0004120650476718689,0.0029808309297514645
6.0,sin,1668,198,0.0010400828739824475,-0.0007583389592337918,0.003382775457105984
